split,ece,nll,brier
val,0.013363176041876541,0.6621310462584065,0.23483665831055991
test,0.025998182359996656,0.665632497808511,0.2363865175692787
